"entity","id","slug","current_price_fields","evidence","proposed_mode","proposed_min","proposed_max","reason","local_link","admin_link"
"Activity","cmt1s68no0038wszf6gg69deq","local-test-slot-a-0800-1000","{""priceFrom"":null,""priceTo"":null,""currency"":""BYN"",""priceMode"":""UNKNOWN"",""priceText"":null,""priceItems"":null}","[{""source"":""current.activity"",""path"":""$"",""value"":""{\""id\"":\""cmt1s68no0038wszf6gg69deq\"",\""slug\"":\""local-test-slot-a-0800-1000\"",\""priceFrom\"":null,\""priceTo\"":null,\""currency\"":\""BYN\"",\""priceMode\"":\""UNKNOWN\"",\""priceText\"":null,\""priceItems\"":null,\""scheduleJson\"":{\""dates\"":[\""2026-08-22\""],\""endTime\"":\""10:00\"",\""startTime\"":\""08:00\"",\""categoryId\"":\""cmqpohj330099wss6mnj1wwy6\"",\""scheduleMode\"":\""single\"",\""scheduleItems\"":[{\""id\"":\""local-a\"",\""date\"":\""2026-08-22\"",\""allDay\"":false,\""dateEnd\"":null,\""endTime\"":\""10:00\"",\""startTime\"":\""08:00\"",\""isMultiDay\"":false,\""isCollapsed\"":false,\""recurrenceUnit\"":\""...""}]","UNKNOWN","","","no-provable-price-intent","http://localhost:3000/editor/event/cmt1s68no0038wszf6gg69deq/edit","/editor/event/cmt1s68no0038wszf6gg69deq/edit"
"Activity","cmt1s68qs003hwszfifw8w6dw","local-test-slot-b-0830-0930","{""priceFrom"":null,""priceTo"":null,""currency"":""BYN"",""priceMode"":""UNKNOWN"",""priceText"":null,""priceItems"":null}","[{""source"":""current.activity"",""path"":""$"",""value"":""{\""id\"":\""cmt1s68qs003hwszfifw8w6dw\"",\""slug\"":\""local-test-slot-b-0830-0930\"",\""priceFrom\"":null,\""priceTo\"":null,\""currency\"":\""BYN\"",\""priceMode\"":\""UNKNOWN\"",\""priceText\"":null,\""priceItems\"":null,\""scheduleJson\"":{\""dates\"":[\""2026-08-22\""],\""endTime\"":\""09:30\"",\""startTime\"":\""08:30\"",\""categoryId\"":\""cmqpohj330099wss6mnj1wwy6\"",\""scheduleMode\"":\""single\"",\""scheduleItems\"":[{\""id\"":\""local-b\"",\""date\"":\""2026-08-22\"",\""allDay\"":false,\""dateEnd\"":null,\""endTime\"":\""09:30\"",\""startTime\"":\""08:30\"",\""isMultiDay\"":false,\""isCollapsed\"":false,\""recurrenceUnit\"":\""...""}]","UNKNOWN","","","no-provable-price-intent","http://localhost:3000/editor/event/cmt1s68qs003hwszfifw8w6dw/edit","/editor/event/cmt1s68qs003hwszfifw8w6dw/edit"
"Activity","cmt1s68s3003qwszfnnuh5gcz","local-test-window-1200-2000","{""priceFrom"":null,""priceTo"":null,""currency"":""BYN"",""priceMode"":""UNKNOWN"",""priceText"":null,""priceItems"":null}","[{""source"":""current.activity"",""path"":""$"",""value"":""{\""id\"":\""cmt1s68s3003qwszfnnuh5gcz\"",\""slug\"":\""local-test-window-1200-2000\"",\""priceFrom\"":null,\""priceTo\"":null,\""currency\"":\""BYN\"",\""priceMode\"":\""UNKNOWN\"",\""priceText\"":null,\""priceItems\"":null,\""scheduleJson\"":{\""dates\"":[\""2026-08-22\""],\""endTime\"":\""20:00\"",\""startTime\"":\""12:00\"",\""categoryId\"":\""cmqpohj330099wss6mnj1wwy6\"",\""scheduleMode\"":\""single\"",\""scheduleItems\"":[{\""id\"":\""local-c\"",\""date\"":\""2026-08-22\"",\""allDay\"":false,\""dateEnd\"":null,\""endTime\"":\""20:00\"",\""startTime\"":\""12:00\"",\""isMultiDay\"":false,\""isCollapsed\"":false,\""recurrenceUnit\"":\""...""}]","UNKNOWN","","","no-provable-price-intent","http://localhost:3000/editor/event/cmt1s68s3003qwszfnnuh5gcz/edit","/editor/event/cmt1s68s3003qwszfnnuh5gcz/edit"
"Activity","cmt1s68tg003zwszfmbg4ifxg","local-test-slot-1300-1400","{""priceFrom"":null,""priceTo"":null,""currency"":""BYN"",""priceMode"":""UNKNOWN"",""priceText"":null,""priceItems"":null}","[{""source"":""current.activity"",""path"":""$"",""value"":""{\""id\"":\""cmt1s68tg003zwszfmbg4ifxg\"",\""slug\"":\""local-test-slot-1300-1400\"",\""priceFrom\"":null,\""priceTo\"":null,\""currency\"":\""BYN\"",\""priceMode\"":\""UNKNOWN\"",\""priceText\"":null,\""priceItems\"":null,\""scheduleJson\"":{\""dates\"":[\""2026-08-22\""],\""endTime\"":\""14:00\"",\""startTime\"":\""13:00\"",\""categoryId\"":\""cmqpohj330099wss6mnj1wwy6\"",\""scheduleMode\"":\""single\"",\""scheduleItems\"":[{\""id\"":\""local-d\"",\""date\"":\""2026-08-22\"",\""allDay\"":false,\""dateEnd\"":null,\""endTime\"":\""14:00\"",\""startTime\"":\""13:00\"",\""isMultiDay\"":false,\""isCollapsed\"":false,\""recurrenceUnit\"":\""we...""}]","UNKNOWN","","","no-provable-price-intent","http://localhost:3000/editor/event/cmt1s68tg003zwszfmbg4ifxg/edit","/editor/event/cmt1s68tg003zwszfmbg4ifxg/edit"
"Activity","cmt1s68uj0048wszftlatubyj","local-test-replacement-1030-1130","{""priceFrom"":null,""priceTo"":null,""currency"":""BYN"",""priceMode"":""UNKNOWN"",""priceText"":null,""priceItems"":null}","[{""source"":""current.activity"",""path"":""$"",""value"":""{\""id\"":\""cmt1s68uj0048wszftlatubyj\"",\""slug\"":\""local-test-replacement-1030-1130\"",\""priceFrom\"":null,\""priceTo\"":null,\""currency\"":\""BYN\"",\""priceMode\"":\""UNKNOWN\"",\""priceText\"":null,\""priceItems\"":null,\""scheduleJson\"":{\""dates\"":[\""2026-08-22\""],\""endTime\"":\""11:30\"",\""startTime\"":\""10:30\"",\""categoryId\"":\""cmqpohj330099wss6mnj1wwy6\"",\""scheduleMode\"":\""single\"",\""scheduleItems\"":[{\""id\"":\""local-e\"",\""date\"":\""2026-08-22\"",\""allDay\"":false,\""dateEnd\"":null,\""endTime\"":\""11:30\"",\""startTime\"":\""10:30\"",\""isMultiDay\"":false,\""isCollapsed\"":false,\""recurrenceUn...""}]","UNKNOWN","","","no-provable-price-intent","http://localhost:3000/editor/event/cmt1s68uj0048wszftlatubyj/edit","/editor/event/cmt1s68uj0048wszftlatubyj/edit"
"Activity","cmrrljj8c0006wsls2fw3jnyw","letniy-klub-dlya-detey-na-angliyskom","{""priceFrom"":null,""priceTo"":null,""currency"":""BYN"",""priceMode"":""UNKNOWN"",""priceText"":null,""priceItems"":null}","[{""source"":""current.activity"",""path"":""$"",""value"":{""id"":""cmrrljj8c0006wsls2fw3jnyw"",""slug"":""letniy-klub-dlya-detey-na-angliyskom"",""priceFrom"":null,""priceTo"":null,""currency"":""BYN"",""priceMode"":""UNKNOWN"",""priceText"":null,""priceItems"":null,""scheduleJson"":{""mode"":""ONE_TIME"",""dates"":[""2026-07-19"",""2026-08-21""],""startTime"":""08:30"",""scheduleItems"":[{""date"":""2026-07-19"",""dateEnd"":""2026-08-21"",""startTime"":""08:30""}]}}}]","UNKNOWN","","","no-provable-price-intent","http://localhost:3000/editor/event/cmrrljj8c0006wsls2fw3jnyw/edit","/editor/event/cmrrljj8c0006wsls2fw3jnyw/edit"
"Activity","cmrsduuwv0006wsepv9dbf19s","letnyaya-aktivnaya-razvlekatelnaya-zagorodnaya-programma-2026-aktiv-polis-na-baze-sanatoriya","{""priceFrom"":null,""priceTo"":null,""currency"":""BYN"",""priceMode"":""UNKNOWN"",""priceText"":""2 213 BYN - РАННЕЕ БРОНИРОВАНИЕ до 1 февраля 2026 *можно купить в рассрочку до 8 месяцев (услуги ООО \""Активные дети\"" Стоимость включает: 1 098 BYN (оплата санаторию) - проживание (11 дней/12 ночей), 6-ти разовое питание, медицинские процедуры, охрана территории, мед. сопровождение, ежедневная уборка. 1 1 115 BYN (до 1 февраля ) - все активности каждого дня, материалы, работа инструкторов, чат родителей, фото-видео отчёта каждый день, медицинская страховка на период программы 1175 до 1 марта (общая стоимость программы 2 273 BYN) 1 250 BYN - до 1 апреля (общая стоимость программы 2 348 BYN) 1 325 BYN - после 1 апреля (общая стоимость программы 2 423 BYN)"",""priceItems"":null}","[{""source"":""current.activity"",""path"":""$"",""value"":""{\""id\"":\""cmrsduuwv0006wsepv9dbf19s\"",\""slug\"":\""letnyaya-aktivnaya-razvlekatelnaya-zagorodnaya-programma-2026-aktiv-polis-na-baze-sanatoriya\"",\""priceFrom\"":null,\""priceTo\"":null,\""currency\"":\""BYN\"",\""priceMode\"":\""UNKNOWN\"",\""priceText\"":\""2 213 BYN - РАННЕЕ БРОНИРОВАНИЕ до 1 февраля 2026 *можно купить в рассрочку до 8 месяцев (услуги ООО \\\""Активные дети\\\"" Стоимость включает: 1 098 BYN (оплата санаторию) - проживание (11 дней/12 ночей), 6-ти разовое питание, медицинские процедуры, охрана территории, мед. сопрово...""},{""source"":""snapshot:wordpress-db:events:60404:raw"",""path"":""$.postMeta.event-cost[0]"",""value"":""<p><strong>2 213 BYN</strong><strong> - РАННЕЕ БРОНИРОВАНИЕ до 1 февраля 2026</strong></p>\n<p><em>*можно купить в рассрочку до 8 месяцев (услуги ООО \""Активные дети\""</em></p>\n<p><strong>Стоимость включает:</strong><br /><strong>1 098 BYN<...""}]","UNKNOWN","","","no-provable-price-intent","http://localhost:3000/editor/event/cmrsduuwv0006wsepv9dbf19s/edit","/editor/event/cmrsduuwv0006wsepv9dbf19s/edit"
"Activity","cmrt4gvoz0006wse4r8c9nj4b","","{""priceFrom"":null,""priceTo"":null,""currency"":""BYN"",""priceMode"":""UNKNOWN"",""priceText"":null,""priceItems"":null}","[{""source"":""current.activity"",""path"":""$"",""value"":{""id"":""cmrt4gvoz0006wse4r8c9nj4b"",""slug"":null,""priceFrom"":null,""priceTo"":null,""currency"":""BYN"",""priceMode"":""UNKNOWN"",""priceText"":null,""priceItems"":null,""scheduleJson"":{""mode"":""ONE_TIME"",""dates"":[""2026-07-25""],""startTime"":""19:00"",""scheduleItems"":[{""date"":""2026-07-25"",""startTime"":""19:00""}]}}}]","UNKNOWN","","","no-provable-price-intent","http://localhost:3000/editor/event/cmrt4gvoz0006wse4r8c9nj4b/edit","/editor/event/cmrt4gvoz0006wse4r8c9nj4b/edit"
"Offer","cmrwf27x80006ws2shcxrzcry","bomba","{""priceFrom"":null,""priceTo"":null,""currency"":""BYN"",""priceMode"":""UNKNOWN"",""priceText"":null,""priceItems"":null}","[{""source"":""current.offer"",""path"":""$"",""value"":{""id"":""cmrwf27x80006ws2shcxrzcry"",""slug"":""bomba"",""priceFrom"":null,""priceTo"":null,""currency"":""BYN"",""priceMode"":""UNKNOWN"",""priceText"":null,""priceItems"":null,""campSessions"":null}}]","UNKNOWN","","","no-provable-price-intent","http://localhost:3000/editor/offer/cmrwf27x80006ws2shcxrzcry/edit","/editor/offer/cmrwf27x80006ws2shcxrzcry/edit"
"Offer","cmrwh7f4f0006wsionf49nq3h","strazhi-galaktiki","{""priceFrom"":95,""priceTo"":null,""currency"":""BYN"",""priceMode"":""UNKNOWN"",""priceText"":""95 руб/чел."",""priceItems"":null}","[{""source"":""current.offer"",""path"":""$"",""value"":{""id"":""cmrwh7f4f0006wsionf49nq3h"",""slug"":""strazhi-galaktiki"",""priceFrom"":95,""priceTo"":null,""currency"":""BYN"",""priceMode"":""UNKNOWN"",""priceText"":""95 руб/чел."",""priceItems"":null,""campSessions"":null}},{""source"":""snapshot:wordpress-db:hb-programs:43646:raw"",""path"":""$.postMeta.program-cost[0]"",""value"":""<p>95 руб/чел.</p>""},{""source"":""snapshot:wordpress-db:hb-programs:43646:raw"",""path"":""$.postMeta.average-check-program[0]"",""value"":""95""}]","UNKNOWN","","","ambiguous-offer-priceFrom","http://localhost:3000/editor/offer/cmrwh7f4f0006wsionf49nq3h/edit","/editor/offer/cmrwh7f4f0006wsionf49nq3h/edit"
"Offer","cmrwf2avz0006ws49iu3hi4m2","veduschiy-maksi","{""priceFrom"":220,""priceTo"":null,""currency"":""BYN"",""priceMode"":""UNKNOWN"",""priceText"":""220 руб. 260 руб."",""priceItems"":null}","[{""source"":""current.offer"",""path"":""$"",""value"":{""id"":""cmrwf2avz0006ws49iu3hi4m2"",""slug"":""veduschiy-maksi"",""priceFrom"":220,""priceTo"":null,""currency"":""BYN"",""priceMode"":""UNKNOWN"",""priceText"":""220 руб. 260 руб."",""priceItems"":null,""campSessions"":null}},{""source"":""snapshot:wordpress-db:hb-programs:33345:raw"",""path"":""$.postMeta.average-check-program[0]"",""value"":""220""},{""source"":""snapshot:wordpress-db:hb-programs:33345:raw"",""path"":""$.postMeta.program-cost[0]"",""value"":""<p>220 руб. <del>260 руб.</del></p>""}]","UNKNOWN","","","ambiguous-offer-priceFrom","http://localhost:3000/editor/offer/cmrwf2avz0006ws49iu3hi4m2/edit","/editor/offer/cmrwf2avz0006ws49iu3hi4m2/edit"
"Offer","cmrwh7cyn0006wshzzvrmqxso","paket-hit","{""priceFrom"":400,""priceTo"":null,""currency"":""BYN"",""priceMode"":""UNKNOWN"",""priceText"":""400 руб. (2,5 часа)* *Максимальное количество детей-участников в программе — 10 чел."",""priceItems"":null}","[{""source"":""current.offer"",""path"":""$"",""value"":{""id"":""cmrwh7cyn0006wshzzvrmqxso"",""slug"":""paket-hit"",""priceFrom"":400,""priceTo"":null,""currency"":""BYN"",""priceMode"":""UNKNOWN"",""priceText"":""400 руб. (2,5 часа)* *Максимальное количество детей-участников в программе — 10 чел."",""priceItems"":null,""campSessions"":null}},{""source"":""snapshot:wordpress-db:hb-programs:43408:raw"",""path"":""$.postMeta.program-cost[0]"",""value"":""<p>400 руб. (2,5 часа)*</p>\n<p>*Максимальное количество детей-участников в программе — 10 чел.</p>""},{""source"":""snapshot:wordpress-db:hb-programs:43408:raw"",""path"":""$.postMeta.average-check-program[0]"",""value"":""400""}]","UNKNOWN","","","ambiguous-offer-priceFrom","http://localhost:3000/editor/offer/cmrwh7cyn0006wshzzvrmqxso/edit","/editor/offer/cmrwh7cyn0006wshzzvrmqxso/edit"
"Offer","cmrwh7lm20006wslmi6jkr5s9","dzhumandzhi-bazovyy","{""priceFrom"":35,""priceTo"":null,""currency"":""BYN"",""priceMode"":""UNKNOWN"",""priceText"":""35 руб/чел."",""priceItems"":null}","[{""source"":""current.offer"",""path"":""$"",""value"":{""id"":""cmrwh7lm20006wslmi6jkr5s9"",""slug"":""dzhumandzhi-bazovyy"",""priceFrom"":35,""priceTo"":null,""currency"":""BYN"",""priceMode"":""UNKNOWN"",""priceText"":""35 руб/чел."",""priceItems"":null,""campSessions"":null}},{""source"":""snapshot:wordpress-db:hb-programs:43665:raw"",""path"":""$.postMeta.program-cost[0]"",""value"":""<p>35 руб/чел.</p>""},{""source"":""snapshot:wordpress-db:hb-programs:43665:raw"",""path"":""$.postMeta.average-check-program[0]"",""value"":""35""}]","UNKNOWN","","","ambiguous-offer-priceFrom","http://localhost:3000/editor/offer/cmrwh7lm20006wslmi6jkr5s9/edit","/editor/offer/cmrwh7lm20006wslmi6jkr5s9/edit"
"Offer","cmrwh7gk90006wsjmut6tejr0","gromoverzhtsy","{""priceFrom"":95,""priceTo"":null,""currency"":""BYN"",""priceMode"":""UNKNOWN"",""priceText"":""95 руб/чел."",""priceItems"":null}","[{""source"":""current.offer"",""path"":""$"",""value"":{""id"":""cmrwh7gk90006wsjmut6tejr0"",""slug"":""gromoverzhtsy"",""priceFrom"":95,""priceTo"":null,""currency"":""BYN"",""priceMode"":""UNKNOWN"",""priceText"":""95 руб/чел."",""priceItems"":null,""campSessions"":null}},{""source"":""snapshot:wordpress-db:hb-programs:43650:raw"",""path"":""$.postMeta.program-cost[0]"",""value"":""<p>95 руб/чел.</p>""},{""source"":""snapshot:wordpress-db:hb-programs:43650:raw"",""path"":""$.postMeta.average-check-program[0]"",""value"":""95""}]","UNKNOWN","","","ambiguous-offer-priceFrom","http://localhost:3000/editor/offer/cmrwh7gk90006wsjmut6tejr0/edit","/editor/offer/cmrwh7gk90006wsjmut6tejr0/edit"
"Offer","cmrwh34h40006ws8a7xo94o1c","paket-1-3-chasa","{""priceFrom"":750,""priceTo"":null,""currency"":""BYN"",""priceMode"":""UNKNOWN"",""priceText"":""750 руб.* *участников рисования до 10 детей 5 взрослых, приглашенных гостей на ваше усмотрение"",""priceItems"":null}","[{""source"":""current.offer"",""path"":""$"",""value"":{""id"":""cmrwh34h40006ws8a7xo94o1c"",""slug"":""paket-1-3-chasa"",""priceFrom"":750,""priceTo"":null,""currency"":""BYN"",""priceMode"":""UNKNOWN"",""priceText"":""750 руб.* *участников рисования до 10 детей 5 взрослых, приглашенных гостей на ваше усмотрение"",""priceItems"":null,""campSessions"":null}},{""source"":""snapshot:wordpress-db:hb-programs:43267:raw"",""path"":""$.postMeta.program-cost[0]"",""value"":""<p>750 руб.*</p>\n<p>*участников рисования до 10 детей 5 взрослых, приглашенных гостей на ваше усмотрение</p>""},{""source"":""snapshot:wordpress-db:hb-programs:43267:raw"",""path"":""$.postMeta.average-check-program[0]"",""value"":""750""}]","UNKNOWN","","","ambiguous-offer-priceFrom","http://localhost:3000/editor/offer/cmrwh34h40006ws8a7xo94o1c/edit","/editor/offer/cmrwh34h40006ws8a7xo94o1c/edit"
"Offer","cmrwh35780006ws8hglv7npyy","paket-neon-3-chasa","{""priceFrom"":800,""priceTo"":null,""currency"":""BYN"",""priceMode"":""UNKNOWN"",""priceText"":""800 руб.* *участники рисования до 10 детей и 5 взрослых, пригашенных гостей на ваше усмотрение"",""priceItems"":null}","[{""source"":""current.offer"",""path"":""$"",""value"":{""id"":""cmrwh35780006ws8hglv7npyy"",""slug"":""paket-neon-3-chasa"",""priceFrom"":800,""priceTo"":null,""currency"":""BYN"",""priceMode"":""UNKNOWN"",""priceText"":""800 руб.* *участники рисования до 10 детей и 5 взрослых, пригашенных гостей на ваше усмотрение"",""priceItems"":null,""campSessions"":null}},{""source"":""snapshot:wordpress-db:hb-programs:43269:raw"",""path"":""$.postMeta.program-cost[0]"",""value"":""<p>800 руб.*</p>\n<p>*участники рисования до 10 детей и 5 взрослых, пригашенных гостей на ваше усмотрение</p>""},{""source"":""snapshot:wordpress-db:hb-programs:43269:raw"",""path"":""$.postMeta.average-check-program[0]"",""value"":""800""}]","UNKNOWN","","","ambiguous-offer-priceFrom","http://localhost:3000/editor/offer/cmrwh35780006ws8hglv7npyy/edit","/editor/offer/cmrwh35780006ws8hglv7npyy/edit"
"Offer","cmrwhrj6t0006wsfw0dfi7pyq","igrovaya-komnata","{""priceFrom"":100,""priceTo"":null,""currency"":""BYN"",""priceMode"":""UNKNOWN"",""priceText"":""Аренда пространства для праздника - 100 руб./час"",""priceItems"":null}","[{""source"":""current.offer"",""path"":""$"",""value"":{""id"":""cmrwhrj6t0006wsfw0dfi7pyq"",""slug"":""igrovaya-komnata"",""priceFrom"":100,""priceTo"":null,""currency"":""BYN"",""priceMode"":""UNKNOWN"",""priceText"":""Аренда пространства для праздника - 100 руб./час"",""priceItems"":null,""campSessions"":null}},{""source"":""snapshot:wordpress-db:hb-programs:16403:raw"",""path"":""$.postMeta.program-cost[0]"",""value"":""<p>Аренда пространства для праздника - 100 руб./час</p>""},{""source"":""snapshot:wordpress-db:hb-programs:16403:raw"",""path"":""$.postMeta.average-check-program[0]"",""value"":""100""}]","UNKNOWN","","","ambiguous-offer-priceFrom","http://localhost:3000/editor/offer/cmrwhrj6t0006wsfw0dfi7pyq/edit","/editor/offer/cmrwhrj6t0006wsfw0dfi7pyq/edit"
"Offer","cmrwh35x90006ws8o2380vxtd","rospis-mishek-bearbricks-3-chasa","{""priceFrom"":800,""priceTo"":null,""currency"":""BYN"",""priceMode"":""UNKNOWN"",""priceText"":""800 руб.* *Пакет рассчитан до 8 детей."",""priceItems"":null}","[{""source"":""current.offer"",""path"":""$"",""value"":{""id"":""cmrwh35x90006ws8o2380vxtd"",""slug"":""rospis-mishek-bearbricks-3-chasa"",""priceFrom"":800,""priceTo"":null,""currency"":""BYN"",""priceMode"":""UNKNOWN"",""priceText"":""800 руб.* *Пакет рассчитан до 8 детей."",""priceItems"":null,""campSessions"":null}},{""source"":""snapshot:wordpress-db:hb-programs:43278:raw"",""path"":""$.postMeta.program-cost[0]"",""value"":""<p>800 руб.*</p>\n<p>*Пакет рассчитан до 8 детей.</p>""},{""source"":""snapshot:wordpress-db:hb-programs:43278:raw"",""path"":""$.postMeta.average-check-program[0]"",""value"":""800""}]","UNKNOWN","","","ambiguous-offer-priceFrom","http://localhost:3000/editor/offer/cmrwh35x90006ws8o2380vxtd/edit","/editor/offer/cmrwh35x90006ws8o2380vxtd/edit"
"Offer","cmrwh7dok0006wsi7d145z78r","paket-hit-2","{""priceFrom"":500,""priceTo"":null,""currency"":""BYN"",""priceMode"":""UNKNOWN"",""priceText"":""500 руб (3 часа)"",""priceItems"":null}","[{""source"":""current.offer"",""path"":""$"",""value"":{""id"":""cmrwh7dok0006wsi7d145z78r"",""slug"":""paket-hit-2"",""priceFrom"":500,""priceTo"":null,""currency"":""BYN"",""priceMode"":""UNKNOWN"",""priceText"":""500 руб (3 часа)"",""priceItems"":null,""campSessions"":null}},{""source"":""snapshot:wordpress-db:hb-programs:43410:raw"",""path"":""$.postMeta.program-cost[0]"",""value"":""<p>500 руб (3 часа)</p>""},{""source"":""snapshot:wordpress-db:hb-programs:43410:raw"",""path"":""$.postMeta.average-check-program[0]"",""value"":""500""}]","UNKNOWN","","","ambiguous-offer-priceFrom","http://localhost:3000/editor/offer/cmrwh7dok0006wsi7d145z78r/edit","/editor/offer/cmrwh7dok0006wsi7d145z78r/edit"
"Offer","cmrwh7eeo0006wsihvak7pnuv","paket-prosto-nauka","{""priceFrom"":300,""priceTo"":null,""currency"":""BYN"",""priceMode"":""UNKNOWN"",""priceText"":""от 300 руб (1-2 часа)"",""priceItems"":null}","[{""source"":""current.offer"",""path"":""$"",""value"":{""id"":""cmrwh7eeo0006wsihvak7pnuv"",""slug"":""paket-prosto-nauka"",""priceFrom"":300,""priceTo"":null,""currency"":""BYN"",""priceMode"":""UNKNOWN"",""priceText"":""от 300 руб (1-2 часа)"",""priceItems"":null,""campSessions"":null}},{""source"":""snapshot:wordpress-db:hb-programs:43412:raw"",""path"":""$.postMeta.program-cost[0]"",""value"":""<p>от 300 руб (1-2 часа)</p>""},{""source"":""snapshot:wordpress-db:hb-programs:43412:raw"",""path"":""$.postMeta.average-check-program[0]"",""value"":""300""}]","UNKNOWN","","","ambiguous-offer-priceFrom","http://localhost:3000/editor/offer/cmrwh7eeo0006wsihvak7pnuv/edit","/editor/offer/cmrwh7eeo0006wsihvak7pnuv/edit"
"Offer","cmrwh7fu90006wsjfhfrdtnrw","mstiteli","{""priceFrom"":95,""priceTo"":null,""currency"":""BYN"",""priceMode"":""UNKNOWN"",""priceText"":""95 руб/чел."",""priceItems"":null}","[{""source"":""current.offer"",""path"":""$"",""value"":{""id"":""cmrwh7fu90006wsjfhfrdtnrw"",""slug"":""mstiteli"",""priceFrom"":95,""priceTo"":null,""currency"":""BYN"",""priceMode"":""UNKNOWN"",""priceText"":""95 руб/чел."",""priceItems"":null,""campSessions"":null}},{""source"":""snapshot:wordpress-db:hb-programs:43648:raw"",""path"":""$.postMeta.program-cost[0]"",""value"":""<p>95 руб/чел.</p>""},{""source"":""snapshot:wordpress-db:hb-programs:43648:raw"",""path"":""$.postMeta.average-check-program[0]"",""value"":""95""}]","UNKNOWN","","","ambiguous-offer-priceFrom","http://localhost:3000/editor/offer/cmrwh7fu90006wsjfhfrdtnrw/edit","/editor/offer/cmrwh7fu90006wsjfhfrdtnrw/edit"
"Offer","cmrwh7k6h0006wsl8i4e4re6i","tehas-standartnyy","{""priceFrom"":45,""priceTo"":null,""currency"":""BYN"",""priceMode"":""UNKNOWN"",""priceText"":""45 руб/чел."",""priceItems"":null}","[{""source"":""current.offer"",""path"":""$"",""value"":{""id"":""cmrwh7k6h0006wsl8i4e4re6i"",""slug"":""tehas-standartnyy"",""priceFrom"":45,""priceTo"":null,""currency"":""BYN"",""priceMode"":""UNKNOWN"",""priceText"":""45 руб/чел."",""priceItems"":null,""campSessions"":null}},{""source"":""snapshot:wordpress-db:hb-programs:43661:raw"",""path"":""$.postMeta.program-cost[0]"",""value"":""<p>45 руб/чел.</p>""},{""source"":""snapshot:wordpress-db:hb-programs:43661:raw"",""path"":""$.postMeta.average-check-program[0]"",""value"":""45""}]","UNKNOWN","","","ambiguous-offer-priceFrom","http://localhost:3000/editor/offer/cmrwh7k6h0006wsl8i4e4re6i/edit","/editor/offer/cmrwh7k6h0006wsl8i4e4re6i/edit"
"Offer","cmrwf25pw0006ws1ltf4ye9v9","turbo","{""priceFrom"":800,""priceTo"":null,""currency"":""BYN"",""priceMode"":""UNKNOWN"",""priceText"":""800 BYN - любой день *Пакеты услуг рассчитаны до 12 гостей (дети+взрослые). **Во время праздника в парке могут находиться другие гости."",""priceItems"":null}","[{""source"":""current.offer"",""path"":""$"",""value"":{""id"":""cmrwf25pw0006ws1ltf4ye9v9"",""slug"":""turbo"",""priceFrom"":800,""priceTo"":null,""currency"":""BYN"",""priceMode"":""UNKNOWN"",""priceText"":""800 BYN - любой день *Пакеты услуг рассчитаны до 12 гостей (дети+взрослые). **Во время праздника в парке могут находиться другие гости."",""priceItems"":null,""campSessions"":null}},{""source"":""snapshot:wordpress-db:hb-programs:29124:raw"",""path"":""$.postMeta.program-cost[0]"",""value"":""<p>800 BYN -  любой день</p>\n<p>*Пакеты услуг рассчитаны до 12 гостей (дети+взрослые).</p>\n<p>**Во время праздника в парке могут находиться другие гости.</p>""},{""source"":""snapshot:wordpress-db:hb-programs:29124:raw"",""path"":""$.postMeta.average-check-program[0]"",""value"":""800""}]","UNKNOWN","","","ambiguous-offer-priceFrom","http://localhost:3000/editor/offer/cmrwf25pw0006ws1ltf4ye9v9/edit","/editor/offer/cmrwf25pw0006ws1ltf4ye9v9/edit"
"Offer","cmrwh7jga0006wskhwxo1u14u","tehas-bazovyy","{""priceFrom"":35,""priceTo"":null,""currency"":""BYN"",""priceMode"":""UNKNOWN"",""priceText"":""35 руб/чел."",""priceItems"":null}","[{""source"":""current.offer"",""path"":""$"",""value"":{""id"":""cmrwh7jga0006wskhwxo1u14u"",""slug"":""tehas-bazovyy"",""priceFrom"":35,""priceTo"":null,""currency"":""BYN"",""priceMode"":""UNKNOWN"",""priceText"":""35 руб/чел."",""priceItems"":null,""campSessions"":null}},{""source"":""snapshot:wordpress-db:hb-programs:43659:raw"",""path"":""$.postMeta.program-cost[0]"",""value"":""<p>35 руб/чел.</p>""},{""source"":""snapshot:wordpress-db:hb-programs:43659:raw"",""path"":""$.postMeta.average-check-program[0]"",""value"":""35""}]","UNKNOWN","","","ambiguous-offer-priceFrom","http://localhost:3000/editor/offer/cmrwh7jga0006wskhwxo1u14u/edit","/editor/offer/cmrwh7jga0006wskhwxo1u14u/edit"
"Offer","cmrwf26gi0006ws2cqg895n7p","turbo-maxi","{""priceFrom"":1350,""priceTo"":null,""currency"":""BYN"",""priceMode"":""UNKNOWN"",""priceText"":""1 350 BYN - любой день. *Пакеты услуг рассчитаны до 12 гостей (дети+взрослые). **Во время праздника в парке могут находиться другие гости."",""priceItems"":null}","[{""source"":""current.offer"",""path"":""$"",""value"":{""id"":""cmrwf26gi0006ws2cqg895n7p"",""slug"":""turbo-maxi"",""priceFrom"":1350,""priceTo"":null,""currency"":""BYN"",""priceMode"":""UNKNOWN"",""priceText"":""1 350 BYN - любой день. *Пакеты услуг рассчитаны до 12 гостей (дети+взрослые). **Во время праздника в парке могут находиться другие гости."",""priceItems"":null,""campSessions"":null}},{""source"":""snapshot:wordpress-db:hb-programs:29135:raw"",""path"":""$.postMeta.program-cost[0]"",""value"":""<p>1 350 BYN - любой день.</p>\n<p>*Пакеты услуг рассчитаны до 12 гостей (дети+взрослые).</p>\n<p>**Во время праздника в парке могут находиться другие гости.</p>""},{""source"":""snapshot:wordpress-db:hb-programs:29135:raw"",""path"":""$.postMeta.average-check-program[0]"",""value"":""1350""}]","UNKNOWN","","","ambiguous-offer-priceFrom","http://localhost:3000/editor/offer/cmrwf26gi0006ws2cqg895n7p/edit","/editor/offer/cmrwf26gi0006ws2cqg895n7p/edit"
"Offer","cmrwf2dtj0006ws51hu9xed02","disko-pati-vip","{""priceFrom"":690,""priceTo"":null,""currency"":""BYN"",""priceMode"":""UNKNOWN"",""priceText"":""АКЦИЯ! 590 руб. вместо 690 руб. при бронировании до 31.08.2025 на будний день или воскресенье с 19.00"",""priceItems"":null}","[{""source"":""current.offer"",""path"":""$"",""value"":{""id"":""cmrwf2dtj0006ws51hu9xed02"",""slug"":""disko-pati-vip"",""priceFrom"":690,""priceTo"":null,""currency"":""BYN"",""priceMode"":""UNKNOWN"",""priceText"":""АКЦИЯ! 590 руб. вместо 690 руб. при бронировании до 31.08.2025 на будний день или воскресенье с 19.00"",""priceItems"":null,""campSessions"":null}},{""source"":""snapshot:wordpress-db:hb-programs:33654:raw"",""path"":""$.postMeta.program-cost[0]"",""value"":""<p><strong>АКЦИЯ!</strong> 590 руб. вместо <del>690 руб.</del> при бронировании до 31.08.2025 на будний день или воскресенье с 19.00 </p>""},{""source"":""snapshot:wordpress-db:hb-programs:33654:raw"",""path"":""$.postMeta.average-check-program[0]"",""value"":""690""}]","UNKNOWN","","","ambiguous-offer-priceFrom","http://localhost:3000/editor/offer/cmrwf2dtj0006ws51hu9xed02/edit","/editor/offer/cmrwf2dtj0006ws51hu9xed02/edit"
"Offer","cmrwh7nrk0006wsm9l0o941ms","fort-boyard-30-vip","{""priceFrom"":55,""priceTo"":null,""currency"":""BYN"",""priceMode"":""UNKNOWN"",""priceText"":""55 руб/чел."",""priceItems"":null}","[{""source"":""current.offer"",""path"":""$"",""value"":{""id"":""cmrwh7nrk0006wsm9l0o941ms"",""slug"":""fort-boyard-30-vip"",""priceFrom"":55,""priceTo"":null,""currency"":""BYN"",""priceMode"":""UNKNOWN"",""priceText"":""55 руб/чел."",""priceItems"":null,""campSessions"":null}},{""source"":""snapshot:wordpress-db:hb-programs:43675:raw"",""path"":""$.postMeta.program-cost[0]"",""value"":""<p>55 руб/чел.</p>""},{""source"":""snapshot:wordpress-db:hb-programs:43675:raw"",""path"":""$.postMeta.average-check-program[0]"",""value"":""55""}]","UNKNOWN","","","ambiguous-offer-priceFrom","http://localhost:3000/editor/offer/cmrwh7nrk0006wsm9l0o941ms/edit","/editor/offer/cmrwh7nrk0006wsm9l0o941ms/edit"
"Offer","cmrwh383d0006ws9wlt1k7vaq","paket-uslug-ulet","{""priceFrom"":530,""priceTo"":null,""currency"":""BYN"",""priceMode"":""UNKNOWN"",""priceText"":""530 руб/3 часа"",""priceItems"":null}","[{""source"":""current.offer"",""path"":""$"",""value"":{""id"":""cmrwh383d0006ws9wlt1k7vaq"",""slug"":""paket-uslug-ulet"",""priceFrom"":530,""priceTo"":null,""currency"":""BYN"",""priceMode"":""UNKNOWN"",""priceText"":""530 руб/3 часа"",""priceItems"":null,""campSessions"":null}},{""source"":""snapshot:wordpress-db:hb-programs:43316:raw"",""path"":""$.postMeta.program-cost[0]"",""value"":""<p>530 руб/3 часа</p>""},{""source"":""snapshot:wordpress-db:hb-programs:43316:raw"",""path"":""$.postMeta.average-check-program[0]"",""value"":""530""}]","UNKNOWN","","","ambiguous-offer-priceFrom","http://localhost:3000/editor/offer/cmrwh383d0006ws9wlt1k7vaq/edit","/editor/offer/cmrwh383d0006ws9wlt1k7vaq/edit"
"Offer","cmrwh37d90006ws9mdgqp0caj","paket-uslug-vip","{""priceFrom"":530,""priceTo"":null,""currency"":""BYN"",""priceMode"":""UNKNOWN"",""priceText"":""530 руб/4 часа"",""priceItems"":null}","[{""source"":""current.offer"",""path"":""$"",""value"":{""id"":""cmrwh37d90006ws9mdgqp0caj"",""slug"":""paket-uslug-vip"",""priceFrom"":530,""priceTo"":null,""currency"":""BYN"",""priceMode"":""UNKNOWN"",""priceText"":""530 руб/4 часа"",""priceItems"":null,""campSessions"":null}},{""source"":""snapshot:wordpress-db:hb-programs:43313:raw"",""path"":""$.postMeta.program-cost[0]"",""value"":""<p>530 руб/4 часа</p>""},{""source"":""snapshot:wordpress-db:hb-programs:43313:raw"",""path"":""$.postMeta.average-check-program[0]"",""value"":""530""}]","UNKNOWN","","","ambiguous-offer-priceFrom","http://localhost:3000/editor/offer/cmrwh37d90006ws9mdgqp0caj/edit","/editor/offer/cmrwh37d90006ws9mdgqp0caj/edit"
"Offer","cmrwf2cci0006ws4nuthv7ih1","disko-pati","{""priceFrom"":440,""priceTo"":null,""currency"":""BYN"",""priceMode"":""UNKNOWN"",""priceText"":""АКЦИЯ! 440 руб. вместо 490 руб. при бронировании до 31.08.2025 на будний день или воскресенье с 19.00"",""priceItems"":null}","[{""source"":""current.offer"",""path"":""$"",""value"":{""id"":""cmrwf2cci0006ws4nuthv7ih1"",""slug"":""disko-pati"",""priceFrom"":440,""priceTo"":null,""currency"":""BYN"",""priceMode"":""UNKNOWN"",""priceText"":""АКЦИЯ! 440 руб. вместо 490 руб. при бронировании до 31.08.2025 на будний день или воскресенье с 19.00"",""priceItems"":null,""campSessions"":null}},{""source"":""snapshot:wordpress-db:hb-programs:33649:raw"",""path"":""$.postMeta.program-cost[0]"",""value"":""<p><strong>АКЦИЯ!</strong> 440 руб. вместо <del>490 руб.</del> при бронировании до 31.08.2025 на будний день или воскресенье с 19.00</p>""},{""source"":""snapshot:wordpress-db:hb-programs:33649:raw"",""path"":""$.postMeta.average-check-program[0]"",""value"":""440""}]","UNKNOWN","","","ambiguous-offer-priceFrom","http://localhost:3000/editor/offer/cmrwf2cci0006ws4nuthv7ih1/edit","/editor/offer/cmrwf2cci0006ws4nuthv7ih1/edit"
"Offer","cmrwh36n40006ws9feni3a5p5","paket-uslug-standart-plyus","{""priceFrom"":420,""priceTo"":null,""currency"":""BYN"",""priceMode"":""UNKNOWN"",""priceText"":""420 руб/3 часа"",""priceItems"":null}","[{""source"":""current.offer"",""path"":""$"",""value"":{""id"":""cmrwh36n40006ws9feni3a5p5"",""slug"":""paket-uslug-standart-plyus"",""priceFrom"":420,""priceTo"":null,""currency"":""BYN"",""priceMode"":""UNKNOWN"",""priceText"":""420 руб/3 часа"",""priceItems"":null,""campSessions"":null}},{""source"":""snapshot:wordpress-db:hb-programs:43309:raw"",""path"":""$.postMeta.program-cost[0]"",""value"":""<p>420 руб/3 часа</p>""},{""source"":""snapshot:wordpress-db:hb-programs:43309:raw"",""path"":""$.postMeta.average-check-program[0]"",""value"":""420""}]","UNKNOWN","","","ambiguous-offer-priceFrom","http://localhost:3000/editor/offer/cmrwh36n40006ws9feni3a5p5/edit","/editor/offer/cmrwh36n40006ws9feni3a5p5/edit"
"Offer","cmrwh3a9m0006wsam75f7tsdu","paket-3","{""priceFrom"":380,""priceTo"":null,""currency"":""BYN"",""priceMode"":""UNKNOWN"",""priceText"":""380 руб. *Организация питания осуществляется через партнеров «Пицца Лисицца» и «Годзилла». **С собой необходимо принести одноразовую посуду, салфетки и нож для торта."",""priceItems"":null}","[{""source"":""current.offer"",""path"":""$"",""value"":{""id"":""cmrwh3a9m0006wsam75f7tsdu"",""slug"":""paket-3"",""priceFrom"":380,""priceTo"":null,""currency"":""BYN"",""priceMode"":""UNKNOWN"",""priceText"":""380 руб. *Организация питания осуществляется через партнеров «Пицца Лисицца» и «Годзилла». **С собой необходимо принести одноразовую посуду, салфетки и нож для торта."",""priceItems"":null,""campSessions"":null}},{""source"":""snapshot:wordpress-db:hb-programs:43348:raw"",""path"":""$.postMeta.program-cost[0]"",""value"":""<p>380 руб.</p>\n<p>*Организация питания осуществляется через партнеров «Пицца Лисицца» и «Годзилла».</p>\n<p>**С собой необходимо принести одноразовую посуду, салфетки и нож для торта.</p>""},{""source"":""snapshot:wordpress-db:hb-programs:43348:raw"",""path"":""$.postMeta.average-check-program[0]"",""value"":""380""}]","UNKNOWN","","","ambiguous-offer-priceFrom","http://localhost:3000/editor/offer/cmrwh3a9m0006wsam75f7tsdu/edit","/editor/offer/cmrwh3a9m0006wsam75f7tsdu/edit"
"Offer","cmrwh7kwb0006wslfk656f8cw","tehas-vip","{""priceFrom"":50,""priceTo"":null,""currency"":""BYN"",""priceMode"":""UNKNOWN"",""priceText"":""50 руб/чел."",""priceItems"":null}","[{""source"":""current.offer"",""path"":""$"",""value"":{""id"":""cmrwh7kwb0006wslfk656f8cw"",""slug"":""tehas-vip"",""priceFrom"":50,""priceTo"":null,""currency"":""BYN"",""priceMode"":""UNKNOWN"",""priceText"":""50 руб/чел."",""priceItems"":null,""campSessions"":null}},{""source"":""snapshot:wordpress-db:hb-programs:43663:raw"",""path"":""$.postMeta.program-cost[0]"",""value"":""<p>50 руб/чел.</p>""},{""source"":""snapshot:wordpress-db:hb-programs:43663:raw"",""path"":""$.postMeta.average-check-program[0]"",""value"":""50""}]","UNKNOWN","","","ambiguous-offer-priceFrom","http://localhost:3000/editor/offer/cmrwh7kwb0006wslfk656f8cw/edit","/editor/offer/cmrwh7kwb0006wslfk656f8cw/edit"
"Offer","cmrwh7mbs0006wslt6ie8lhb9","dzhumandzhi-standartnyy","{""priceFrom"":45,""priceTo"":null,""currency"":""BYN"",""priceMode"":""UNKNOWN"",""priceText"":""45 руб/чел."",""priceItems"":null}","[{""source"":""current.offer"",""path"":""$"",""value"":{""id"":""cmrwh7mbs0006wslt6ie8lhb9"",""slug"":""dzhumandzhi-standartnyy"",""priceFrom"":45,""priceTo"":null,""currency"":""BYN"",""priceMode"":""UNKNOWN"",""priceText"":""45 руб/чел."",""priceItems"":null,""campSessions"":null}},{""source"":""snapshot:wordpress-db:hb-programs:43667:raw"",""path"":""$.postMeta.program-cost[0]"",""value"":""<p>45 руб/чел.</p>""},{""source"":""snapshot:wordpress-db:hb-programs:43667:raw"",""path"":""$.postMeta.average-check-program[0]"",""value"":""45""}]","UNKNOWN","","","ambiguous-offer-priceFrom","http://localhost:3000/editor/offer/cmrwh7mbs0006wslt6ie8lhb9/edit","/editor/offer/cmrwh7mbs0006wslt6ie8lhb9/edit"
"Offer","cmrwh7n1j0006wsm0h277gowc","dzhumandzhi-vip","{""priceFrom"":50,""priceTo"":null,""currency"":""BYN"",""priceMode"":""UNKNOWN"",""priceText"":""50 руб/чел."",""priceItems"":null}","[{""source"":""current.offer"",""path"":""$"",""value"":{""id"":""cmrwh7n1j0006wsm0h277gowc"",""slug"":""dzhumandzhi-vip"",""priceFrom"":50,""priceTo"":null,""currency"":""BYN"",""priceMode"":""UNKNOWN"",""priceText"":""50 руб/чел."",""priceItems"":null,""campSessions"":null}},{""source"":""snapshot:wordpress-db:hb-programs:43669:raw"",""path"":""$.postMeta.program-cost[0]"",""value"":""<p>50 руб/чел.</p>""},{""source"":""snapshot:wordpress-db:hb-programs:43669:raw"",""path"":""$.postMeta.average-check-program[0]"",""value"":""50""}]","UNKNOWN","","","ambiguous-offer-priceFrom","http://localhost:3000/editor/offer/cmrwh7n1j0006wsm0h277gowc/edit","/editor/offer/cmrwh7n1j0006wsm0h277gowc/edit"
"Offer","cmrwhrjwy0006wsg31srt6pum","semeynoe-kafe-tri-pingvina","{""priceFrom"":350,""priceTo"":null,""currency"":""BYN"",""priceMode"":""UNKNOWN"",""priceText"":null,""priceItems"":null}","[{""source"":""current.offer"",""path"":""$"",""value"":{""id"":""cmrwhrjwy0006wsg31srt6pum"",""slug"":""semeynoe-kafe-tri-pingvina"",""priceFrom"":350,""priceTo"":null,""currency"":""BYN"",""priceMode"":""UNKNOWN"",""priceText"":null,""priceItems"":null,""campSessions"":null}},{""source"":""snapshot:wordpress-db:hb-programs:16458:raw"",""path"":""$.postMeta.average-check-program[0]"",""value"":""350""}]","UNKNOWN","","","ambiguous-offer-priceFrom","http://localhost:3000/editor/offer/cmrwhrjwy0006wsg31srt6pum/edit","/editor/offer/cmrwhrjwy0006wsg31srt6pum/edit"
"Place","cmrq83p1h006owswv8en7xatk","mousse-kids-muss-kids","{""priceFrom"":null,""priceTo"":null,""currency"":""BYN"",""priceMode"":""UNKNOWN"",""priceItems"":null}","[{""source"":""current.place"",""path"":""$"",""value"":{""id"":""cmrq83p1h006owswv8en7xatk"",""slug"":""mousse-kids-muss-kids"",""priceFrom"":null,""priceTo"":null,""currency"":""BYN"",""priceMode"":""UNKNOWN"",""priceItems"":null}},{""source"":""snapshot:wordpress-db:places:5528:raw"",""path"":""$.postMeta.visit-price[0]"",""value"":""10451,10452""}]","UNKNOWN","","","no-provable-price-intent","http://localhost:3000/editor/place/cmrq83p1h006owswv8en7xatk/edit","/editor/place/cmrq83p1h006owswv8en7xatk/edit"
"Place","cmrq83p27007qwswv9l4prtir","dva-kota","{""priceFrom"":null,""priceTo"":null,""currency"":""BYN"",""priceMode"":""UNKNOWN"",""priceItems"":null}","[{""source"":""current.place"",""path"":""$"",""value"":{""id"":""cmrq83p27007qwswv9l4prtir"",""slug"":""dva-kota"",""priceFrom"":null,""priceTo"":null,""currency"":""BYN"",""priceMode"":""UNKNOWN"",""priceItems"":null}},{""source"":""snapshot:wordpress-db:places:5594:raw"",""path"":""$.postMeta.visit-price[0]"",""value"":""32525,32524,32523,32526""},{""source"":""snapshot:wordpress-db:places:5594:raw"",""path"":""$.postMeta.texteditor-visit-price[0]"",""value"":""<p>Есть абонементы на 1 месяц, 10 безлимитных посещений – 150 рублей.</p>""}]","UNKNOWN","","","no-provable-price-intent","http://localhost:3000/editor/place/cmrq83p27007qwswv9l4prtir/edit","/editor/place/cmrq83p27007qwswv9l4prtir/edit"
"Place","cmrq83p2l0089wswvxl8ks2ac","penguin-pingvin","{""priceFrom"":null,""priceTo"":null,""currency"":""BYN"",""priceMode"":""UNKNOWN"",""priceItems"":null}","[{""source"":""current.place"",""path"":""$"",""value"":{""id"":""cmrq83p2l0089wswvxl8ks2ac"",""slug"":""penguin-pingvin"",""priceFrom"":null,""priceTo"":null,""currency"":""BYN"",""priceMode"":""UNKNOWN"",""priceItems"":null}},{""source"":""snapshot:wordpress-db:places:8901:raw"",""path"":""$.postMeta.texteditor-visit-price[0]"",""value"":""<p><strong>Грудничковое плавание «Мама и малыш»</strong></p>\n<ul>\n<li>Первое пробное занятие - 31 руб.</li>\n<li>Разовое занятие - 81 руб.</li>\n</ul>\n<p>Абонементы</p>\n<ul>\n<li>Абонемент на 1 мес  4/8/12 занятий - 254/444/589 руб.</li>\n<l...""}]","UNKNOWN","","","no-provable-price-intent","http://localhost:3000/editor/place/cmrq83p2l0089wswvxl8ks2ac/edit","/editor/place/cmrq83p2l0089wswvxl8ks2ac/edit"
"Place","cmrq83p5h00cpwswvotfuosjd","simba-simba","{""priceFrom"":null,""priceTo"":null,""currency"":""BYN"",""priceMode"":""UNKNOWN"",""priceItems"":null}","[{""source"":""current.place"",""path"":""$"",""value"":{""id"":""cmrq83p5h00cpwswvotfuosjd"",""slug"":""simba-simba"",""priceFrom"":null,""priceTo"":null,""currency"":""BYN"",""priceMode"":""UNKNOWN"",""priceItems"":null}},{""source"":""snapshot:wordpress-db:places:11408:raw"",""path"":""$.postMeta.visit-price[0]"",""value"":""11420,11421""}]","UNKNOWN","","","no-provable-price-intent","http://localhost:3000/editor/place/cmrq83p5h00cpwswvotfuosjd/edit","/editor/place/cmrq83p5h00cpwswvotfuosjd/edit"
"Place","cmrq83pct00nkwswvb0d2vqie","baletnaya-shkola-vezhnovets-na-aranskoy","{""priceFrom"":null,""priceTo"":null,""currency"":""BYN"",""priceMode"":""UNKNOWN"",""priceItems"":null}","[{""source"":""current.place"",""path"":""$"",""value"":{""id"":""cmrq83pct00nkwswvb0d2vqie"",""slug"":""baletnaya-shkola-vezhnovets-na-aranskoy"",""priceFrom"":null,""priceTo"":null,""currency"":""BYN"",""priceMode"":""UNKNOWN"",""priceItems"":null}},{""source"":""snapshot:wordpress-db:places:32636:raw"",""path"":""$.postMeta.texteditor-visit-price[0]"",""value"":""<p>от 18 руб./час</p>""}]","UNKNOWN","","","no-provable-price-intent","http://localhost:3000/editor/place/cmrq83pct00nkwswvb0d2vqie/edit","/editor/place/cmrq83pct00nkwswvb0d2vqie/edit"
"Place","cmrq83pae00kewswvnimo75x3","aktiv-park","{""priceFrom"":null,""priceTo"":null,""currency"":""BYN"",""priceMode"":""UNKNOWN"",""priceItems"":null}","[{""source"":""current.place"",""path"":""$"",""value"":{""id"":""cmrq83pae00kewswvnimo75x3"",""slug"":""aktiv-park"",""priceFrom"":null,""priceTo"":null,""currency"":""BYN"",""priceMode"":""UNKNOWN"",""priceItems"":null}},{""source"":""snapshot:wordpress-db:places:26215:raw"",""path"":""$.postMeta.visit-price[0]"",""value"":""42758,42759,54132""}]","UNKNOWN","","","no-provable-price-intent","http://localhost:3000/editor/place/cmrq83pae00kewswvnimo75x3/edit","/editor/place/cmrq83pae00kewswvnimo75x3/edit"
"Place","cmrq83p3l009uwswvzex11pcj","trapetsiya","{""priceFrom"":null,""priceTo"":null,""currency"":""BYN"",""priceMode"":""UNKNOWN"",""priceItems"":null}","[{""source"":""current.place"",""path"":""$"",""value"":{""id"":""cmrq83p3l009uwswvzex11pcj"",""slug"":""trapetsiya"",""priceFrom"":null,""priceTo"":null,""currency"":""BYN"",""priceMode"":""UNKNOWN"",""priceItems"":null}},{""source"":""snapshot:wordpress-db:places:9870:raw"",""path"":""$.postMeta.texteditor-visit-price[0]"",""value"":""<p><strong>Аттракцион </strong></p>\n<p>1 подъём - <strong>6 руб.<br /></strong>+ скальные туфли<strong> - 11 руб.<br /></strong>+ скальные туфли, магнезия<strong> - 13 руб.<br /></strong></p>\n<p>2 подъёма - <strong>10 руб.</strong><br />...""}]","UNKNOWN","","","no-provable-price-intent","http://localhost:3000/editor/place/cmrq83p3l009uwswvzex11pcj/edit","/editor/place/cmrq83p3l009uwswvzex11pcj/edit"
"Place","cmrq83pgv00smwswv716nodq4","sport-park","{""priceFrom"":null,""priceTo"":null,""currency"":""BYN"",""priceMode"":""UNKNOWN"",""priceItems"":null}","[{""source"":""current.place"",""path"":""$"",""value"":{""id"":""cmrq83pgv00smwswv716nodq4"",""slug"":""sport-park"",""priceFrom"":null,""priceTo"":null,""currency"":""BYN"",""priceMode"":""UNKNOWN"",""priceItems"":null}},{""source"":""snapshot:wordpress-db:places:49952:raw"",""path"":""$.postMeta.texteditor-visit-price[0]"",""value"":""<p>17 р. - 30 мин.</p>""}]","UNKNOWN","","","no-provable-price-intent","http://localhost:3000/editor/place/cmrq83pgv00smwswv716nodq4/edit","/editor/place/cmrq83pgv00smwswv716nodq4/edit"
"Place","cmrq83pib00uvwswvui4sv17z","it-shag-kolledzh-ayti-shag","{""priceFrom"":null,""priceTo"":null,""currency"":""BYN"",""priceMode"":""UNKNOWN"",""priceItems"":null}","[{""source"":""current.place"",""path"":""$"",""value"":{""id"":""cmrq83pib00uvwswvui4sv17z"",""slug"":""it-shag-kolledzh-ayti-shag"",""priceFrom"":null,""priceTo"":null,""currency"":""BYN"",""priceMode"":""UNKNOWN"",""priceItems"":null}},{""source"":""snapshot:wordpress-db:places:51109:raw"",""path"":""$.postMeta.texteditor-visit-price[0]"",""value"":""<p>287 РУБ./МЕС. </p>""}]","UNKNOWN","","","no-provable-price-intent","http://localhost:3000/editor/place/cmrq83pib00uvwswvui4sv17z/edit","/editor/place/cmrq83pib00uvwswvui4sv17z/edit"
"Place","cmrq83pb200l4wswvypmqcd6w","kosmos","{""priceFrom"":null,""priceTo"":null,""currency"":""BYN"",""priceMode"":""UNKNOWN"",""priceItems"":null}","[{""source"":""current.place"",""path"":""$"",""value"":{""id"":""cmrq83pb200l4wswvypmqcd6w"",""slug"":""kosmos"",""priceFrom"":null,""priceTo"":null,""currency"":""BYN"",""priceMode"":""UNKNOWN"",""priceItems"":null}},{""source"":""snapshot:wordpress-db:places:30411:raw"",""path"":""$.postMeta.texteditor-visit-price[0]"",""value"":""<p>Бесплатно </p>""}]","UNKNOWN","","","no-provable-price-intent","http://localhost:3000/editor/place/cmrq83pb200l4wswvypmqcd6w/edit","/editor/place/cmrq83pb200l4wswvypmqcd6w/edit"
"Place","cmrq83p5400c6wswvioml1ulq","disco-park-disko-park","{""priceFrom"":null,""priceTo"":null,""currency"":""BYN"",""priceMode"":""UNKNOWN"",""priceItems"":null}","[{""source"":""current.place"",""path"":""$"",""value"":{""id"":""cmrq83p5400c6wswvioml1ulq"",""slug"":""disco-park-disko-park"",""priceFrom"":null,""priceTo"":null,""currency"":""BYN"",""priceMode"":""UNKNOWN"",""priceItems"":null}},{""source"":""snapshot:wordpress-db:places:11087:raw"",""path"":""$.postMeta.visit-price[0]"",""value"":""33159,33632,33633,33634""},{""source"":""snapshot:wordpress-db:places:11087:raw"",""path"":""$.postMeta.texteditor-visit-price[0]"",""value"":""<p>Выберите подходящий способ провести время в DiscoPark:</p>\n<p><strong>Почасовое посещение по предварительной записи</strong> – идеально для развлечений в любой день! Оплачивайте только за время пребывания и наслаждаясь всеми игровыми ...""}]","UNKNOWN","","","no-provable-price-intent","http://localhost:3000/editor/place/cmrq83p5400c6wswvioml1ulq/edit","/editor/place/cmrq83p5400c6wswvioml1ulq/edit"
"Place","cmrq83p9j00j6wswvd0p7zygh","igray-igray-na-kuprevicha","{""priceFrom"":null,""priceTo"":null,""currency"":""BYN"",""priceMode"":""UNKNOWN"",""priceItems"":null}","[{""source"":""current.place"",""path"":""$"",""value"":{""id"":""cmrq83p9j00j6wswvd0p7zygh"",""slug"":""igray-igray-na-kuprevicha"",""priceFrom"":null,""priceTo"":null,""currency"":""BYN"",""priceMode"":""UNKNOWN"",""priceItems"":null}},{""source"":""snapshot:wordpress-db:places:19800:raw"",""path"":""$.postMeta.texteditor-visit-price[0]"",""value"":""<p>БАЗОВЫЙ ПАКЕТ<br /> ⁃ Базовый сценарий квеста<br /> ⁃ Лазертаг<br />Стоимость - 35 бел.руб. за 1 участника<br />Продолжительность - 1,5 часа</p>\n<p>СТАНДАРТНЫЙ ПАКЕТ<br /> ⁃ Базовый сценарий квеста<br /> ⁃ Лазертаг<br /> ⁃ Виртуальная...""}]","UNKNOWN","","","no-provable-price-intent","http://localhost:3000/editor/place/cmrq83p9j00j6wswvd0p7zygh/edit","/editor/place/cmrq83p9j00j6wswvd0p7zygh/edit"
"Place","cmrq83pch00nawswvm7fghwyh","","{""priceFrom"":null,""priceTo"":null,""currency"":""BYN"",""priceMode"":""UNKNOWN"",""priceItems"":null}","[{""source"":""current.place"",""path"":""$"",""value"":{""id"":""cmrq83pch00nawswvm7fghwyh"",""slug"":null,""priceFrom"":null,""priceTo"":null,""currency"":""BYN"",""priceMode"":""UNKNOWN"",""priceItems"":null}},{""source"":""snapshot:wordpress-db:places:32409:raw"",""path"":""$.postMeta.texteditor-visit-price[0]"",""value"":""<p>НАШ INSTAGRAM ? ?  beenglish_online</p>\n<p>Стоимость указана за 1 занятие продолжительностью 2 академ.часа в мини группе до 4х человек:</p>\n<p>• тариф БАЗОВЫЙ - 29 бел.руб. </p>\n<p>• тариф СТАНДАРТ - 39 бел.руб.</p>\n<p>• тариф ПРЕМИУМ...""}]","UNKNOWN","","","no-provable-price-intent","http://localhost:3000/editor/place/cmrq83pch00nawswvm7fghwyh/edit","/editor/place/cmrq83pch00nawswvm7fghwyh/edit"
"Place","cmrq83pfm00qrwswv6q4agepc","happy-park","{""priceFrom"":null,""priceTo"":null,""currency"":""BYN"",""priceMode"":""UNKNOWN"",""priceItems"":null}","[{""source"":""current.place"",""path"":""$"",""value"":{""id"":""cmrq83pfm00qrwswv6q4agepc"",""slug"":""happy-park"",""priceFrom"":null,""priceTo"":null,""currency"":""BYN"",""priceMode"":""UNKNOWN"",""priceItems"":null}},{""source"":""snapshot:wordpress-db:places:47916:raw"",""path"":""$.postMeta.visit-price[0]"",""value"":""47917,47918,47919,47920,47921""},{""source"":""snapshot:wordpress-db:places:47916:raw"",""path"":""$.postMeta.texteditor-visit-price[0]"",""value"":""<p>от 350 рублей</p>""}]","UNKNOWN","","","no-provable-price-intent","http://localhost:3000/editor/place/cmrq83pfm00qrwswv6q4agepc/edit","/editor/place/cmrq83pfm00qrwswv6q4agepc/edit"
"Place","cmrq83pcz00nowswvq7lnbvtd","baletnaya-shkola-vezhnovets-na-smorgovskom-trakte","{""priceFrom"":null,""priceTo"":null,""currency"":""BYN"",""priceMode"":""UNKNOWN"",""priceItems"":null}","[{""source"":""current.place"",""path"":""$"",""value"":{""id"":""cmrq83pcz00nowswvq7lnbvtd"",""slug"":""baletnaya-shkola-vezhnovets-na-smorgovskom-trakte"",""priceFrom"":null,""priceTo"":null,""currency"":""BYN"",""priceMode"":""UNKNOWN"",""priceItems"":null}},{""source"":""snapshot:wordpress-db:places:32637:raw"",""path"":""$.postMeta.texteditor-visit-price[0]"",""value"":""<p>от 18 руб./час</p>""}]","UNKNOWN","","","no-provable-price-intent","http://localhost:3000/editor/place/cmrq83pcz00nowswvq7lnbvtd/edit","/editor/place/cmrq83pcz00nowswvq7lnbvtd/edit"
"Place","cmrq83pbb00ljwswvigca87nw","park-ugo-chavesa","{""priceFrom"":null,""priceTo"":null,""currency"":""BYN"",""priceMode"":""UNKNOWN"",""priceItems"":null}","[{""source"":""current.place"",""path"":""$"",""value"":{""id"":""cmrq83pbb00ljwswvigca87nw"",""slug"":""park-ugo-chavesa"",""priceFrom"":null,""priceTo"":null,""currency"":""BYN"",""priceMode"":""UNKNOWN"",""priceItems"":null}},{""source"":""snapshot:wordpress-db:places:30426:raw"",""path"":""$.postMeta.texteditor-visit-price[0]"",""value"":""<p>Вход бесплатный </p>""}]","UNKNOWN","","","no-provable-price-intent","http://localhost:3000/editor/place/cmrq83pbb00ljwswvigca87nw/edit","/editor/place/cmrq83pbb00ljwswvigca87nw/edit"
"Place","cmrq83p2y008swswvko9zfc0i","golf-park-gol-f-park","{""priceFrom"":null,""priceTo"":null,""currency"":""BYN"",""priceMode"":""UNKNOWN"",""priceItems"":null}","[{""source"":""current.place"",""path"":""$"",""value"":{""id"":""cmrq83p2y008swswvko9zfc0i"",""slug"":""golf-park-gol-f-park"",""priceFrom"":null,""priceTo"":null,""currency"":""BYN"",""priceMode"":""UNKNOWN"",""priceItems"":null}},{""source"":""snapshot:wordpress-db:places:9312:raw"",""path"":""$.postMeta.visit-price[0]"",""value"":""33073,33074,33075,33076""},{""source"":""snapshot:wordpress-db:places:9312:raw"",""path"":""$.postMeta.url-all-price[0]"",""value"":""https://golfpark.by/""},{""source"":""snapshot:wordpress-db:places:9312:raw"",""path"":""$.postMeta.texteditor-visit-price[0]"",""value"":""<p><strong>Посещение парка</strong> - почасовая оплата входного билета с каждого человека, доступ ко всем игровым локациям парка. В парке могут быть другие гости. </p>\n<ul>\n<li><em>Мы работаем по предварительной записи</em></li>\n<li><em>...""}]","UNKNOWN","","","no-provable-price-intent","http://localhost:3000/editor/place/cmrq83p2y008swswvko9zfc0i/edit","/editor/place/cmrq83p2y008swswvko9zfc0i/edit"
"Place","cmrq83pcn00nfwswv4mxx69lz","baletnaya-shkola-vezhnovets-v-dk-maz","{""priceFrom"":null,""priceTo"":null,""currency"":""BYN"",""priceMode"":""UNKNOWN"",""priceItems"":null}","[{""source"":""current.place"",""path"":""$"",""value"":{""id"":""cmrq83pcn00nfwswv4mxx69lz"",""slug"":""baletnaya-shkola-vezhnovets-v-dk-maz"",""priceFrom"":null,""priceTo"":null,""currency"":""BYN"",""priceMode"":""UNKNOWN"",""priceItems"":null}},{""source"":""snapshot:wordpress-db:places:32633:raw"",""path"":""$.postMeta.texteditor-visit-price[0]"",""value"":""<p>от 18 руб./час</p>\n<p> </p>""}]","UNKNOWN","","","no-provable-price-intent","http://localhost:3000/editor/place/cmrq83pcn00nfwswv4mxx69lz/edit","/editor/place/cmrq83pcn00nfwswv4mxx69lz/edit"
"Place","cmrq83p39009bwswvw2p70cad","byuro-detektivnykh-kvestov-pinkerton","{""priceFrom"":null,""priceTo"":null,""currency"":""BYN"",""priceMode"":""UNKNOWN"",""priceItems"":null}","[{""source"":""current.place"",""path"":""$"",""value"":{""id"":""cmrq83p39009bwswvw2p70cad"",""slug"":""byuro-detektivnykh-kvestov-pinkerton"",""priceFrom"":null,""priceTo"":null,""currency"":""BYN"",""priceMode"":""UNKNOWN"",""priceItems"":null}},{""source"":""snapshot:wordpress-db:places:9865:raw"",""path"":""$.postMeta.url-all-price[0]"",""value"":""https://pinkertonquest.by/""}]","UNKNOWN","","","no-provable-price-intent","http://localhost:3000/editor/place/cmrq83p39009bwswvw2p70cad/edit","/editor/place/cmrq83p39009bwswvw2p70cad/edit"
